station_abbr,reference_timestamp,tre200h0,tre200hn,tre200hx,tre005h0,tre005hn,ure200h0,pva200h0,tde200h0,prestah0,pp0qffh0,pp0qnhh0,ppz700h0,ppz850h0,fkl010h1,dkl010h0,fkl010h0,fu3010h0,fu3010h1,fkl010h3,fu3010h3,wcc006h0,fve010h0,rre150h0,htoauths,gre000h0,oli000h0,olo000h0,osr000h0,ods000h0,sre000h0,erefaoh0,tso005hs,tso010hs,tso020hs,ts_utc
PUY,11.11.2025 12:00,10.9,10.7,11.1,,,60.1,7.8,3.5,964.3,1018.2,1018.2,,,3.1,167.0,1.4,5.0,11.2,2.9,10.4,,,0.0,,372,,,,149,60,0.183,,,,2025-11-11 12:00:00+00:00
PUY,11.11.2025 13:00,11.0,10.9,11.2,,,61.1,8.1,3.8,964.0,1017.9,1017.9,,,2.6,174.0,1.0,3.6,9.4,2.4,8.6,,,0.0,,306,,,,145,59,0.152,,,,2025-11-11 13:00:00+00:00
PUY,11.11.2025 14:00,11.1,10.8,11.3,,,68.3,9.0,5.5,963.6,1017.5,1017.5,,,2.5,172.0,0.8,2.9,9.0,2.1,7.6,,,0.0,,241,,,,131,43,0.113,,,,2025-11-11 14:00:00+00:00
PUY,11.11.2025 15:00,11.4,11.3,11.5,,,66.2,8.9,5.3,963.4,1017.2,1017.3,,,1.9,169.0,0.6,2.2,6.8,1.7,6.1,,,0.0,,171,,,,119,10,0.068,,,,2025-11-11 15:00:00+00:00
PUY,11.11.2025 16:00,11.0,10.7,11.2,,,67.3,8.8,5.1,963.5,1017.3,1017.4,,,1.8,166.0,0.5,1.8,6.5,1.6,5.8,,,0.0,,57,,,,40,11,0.001,,,,2025-11-11 16:00:00+00:00
PUY,11.11.2025 17:00,9.6,9.2,10.2,,,71.7,8.6,4.8,963.5,1017.6,1017.4,,,2.2,34.0,0.7,2.5,7.9,2.0,7.2,,,0.0,,2,,,,2,0,0.001,,,,2025-11-11 17:00:00+00:00
PUY,11.11.2025 18:00,9.0,8.8,9.1,,,75.2,8.6,4.8,963.6,1017.9,1017.5,,,3.5,18.0,1.6,5.8,12.6,3.4,12.2,,,0.0,,1,,,,0,0,0.007,,,,2025-11-11 18:00:00+00:00
PUY,11.11.2025 19:00,8.6,8.2,8.9,,,74.3,8.3,4.3,963.5,1017.9,1017.4,,,4.0,24.0,1.9,6.8,14.4,3.8,13.7,,,0.0,,1,,,,0,0,0.009,,,,2025-11-11 19:00:00+00:00
PUY,11.11.2025 20:00,8.0,7.8,8.1,,,76.9,8.2,4.2,963.8,1018.3,1017.7,,,3.6,21.0,2.0,7.2,13.0,3.4,12.2,,,0.0,,1,,,,0,0,0.008,,,,2025-11-11 20:00:00+00:00
PUY,11.11.2025 21:00,7.7,7.6,7.9,,,76.5,8.1,3.9,963.9,1018.5,1017.8,,,4.0,23.0,2.1,7.6,14.4,3.7,13.3,,,0.0,,1,,,,0,0,0.009,,,,2025-11-11 21:00:00+00:00
PUY,11.11.2025 22:00,7.7,7.3,7.8,,,75.0,7.8,3.5,964.0,1018.6,1017.9,,,4.6,22.0,2.2,7.9,16.6,4.2,15.1,,,0.0,,1,,,,0,0,0.01,,,,2025-11-11 22:00:00+00:00
PUY,11.11.2025 23:00,7.2,7.1,7.3,,,77.9,7.9,3.6,964.2,1018.9,1018.1,,,3.6,23.0,2.1,7.6,13.0,3.5,12.6,,,0.0,,1,,,,0,0,0.008,,,,2025-11-11 23:00:00+00:00
PUY,12.11.2025 00:00,6.8,6.8,6.9,,,75.1,7.4,2.7,964.3,1019.1,1018.2,,,4.1,22.0,2.3,8.3,14.8,3.9,14.0,,,0.0,,1,,,,0,0,0.01,,,,2025-11-12 00:00:00+00:00
PUY,12.11.2025 01:00,6.7,6.4,7.0,,,78.3,7.7,3.2,964.4,1019.2,1018.3,,,3.5,27.0,2.0,7.2,12.6,3.4,12.2,,,0.0,,1,,,,0,0,0.007,,,,2025-11-12 01:00:00+00:00
PUY,12.11.2025 02:00,6.3,6.1,6.4,,,80.9,7.7,3.3,964.3,1019.2,1018.2,,,3.4,24.0,2.0,7.2,12.2,3.2,11.5,,,0.0,,1,,,,0,0,0.005,,,,2025-11-12 02:00:00+00:00
PUY,12.11.2025 03:00,6.2,6.1,6.3,,,81.9,7.8,3.3,964.1,1019.0,1018.0,,,3.6,21.0,2.0,7.2,13.0,3.5,12.6,,,0.0,,1,,,,0,0,0.005,,,,2025-11-12 03:00:00+00:00
PUY,12.11.2025 04:00,6.0,5.7,6.2,,,81.1,7.6,3.0,963.9,1018.9,1017.8,,,3.5,24.0,2.0,7.2,12.6,3.4,12.2,,,0.0,,1,,,,0,0,0.005,,,,2025-11-12 04:00:00+00:00
PUY,12.11.2025 05:00,6.0,5.8,6.1,,,79.2,7.4,2.6,964.0,1018.9,1017.9,,,4.0,21.0,2.0,7.2,14.4,3.8,13.7,,,0.0,,1,,,,0,0,0.006,,,,2025-11-12 05:00:00+00:00
PUY,12.11.2025 06:00,5.7,5.6,5.8,,,82.1,7.5,2.9,964.3,1019.3,1018.2,,,3.5,21.0,2.0,7.2,12.6,3.3,11.9,,,0.0,,1,,,,0,0,0.004,,,,2025-11-12 06:00:00+00:00
PUY,12.11.2025 07:00,5.6,5.5,5.7,,,84.2,7.7,3.2,964.6,1019.7,1018.5,,,3.3,22.0,1.9,6.8,11.9,3.2,11.5,,,0.0,,12,,,,11,0,0.005,,,,2025-11-12 07:00:00+00:00
PUY,12.11.2025 08:00,6.8,5.8,7.6,,,84.0,8.3,4.3,965.1,1019.9,1019.0,,,3.0,6.0,1.0,3.6,10.8,2.8,10.1,,,0.0,,89,,,,76,0,0.031,,,,2025-11-12 08:00:00+00:00
PUY,12.11.2025 09:00,8.1,7.7,8.4,,,86.5,9.4,6.0,965.5,1020.1,1019.5,,,2.8,233.0,0.7,2.5,10.1,2.5,9.0,,,0.0,,202,,,,125,43,0.08,,,,2025-11-12 09:00:00+00:00
PUY,12.11.2025 10:00,8.5,8.3,8.7,,,86.5,9.6,6.4,965.6,1020.1,1019.6,,,2.6,220.0,0.9,3.2,9.4,2.5,9.0,,,0.0,,280,,,,165,41,0.119,,,,2025-11-12 10:00:00+00:00
PUY,12.11.2025 11:00,9.5,9.0,9.9,,,83.4,9.9,6.9,965.4,1019.7,1019.4,,,3.0,188.0,0.9,3.2,10.8,2.7,9.7,,,0.0,,389,,,,194,60,0.171,,,,2025-11-12 11:00:00+00:00
PUY,12.11.2025 12:00,10.4,9.5,11.2,,,80.6,10.1,7.2,964.8,1018.8,1018.7,,,2.6,202.0,0.9,3.2,9.4,2.3,8.3,,,0.0,,379,,,,160,60,0.174,,,,2025-11-12 12:00:00+00:00
PUY,12.11.2025 13:00,10.8,10.6,10.9,,,79.0,10.2,7.3,964.5,1018.5,1018.4,,,2.0,180.0,0.8,2.9,7.2,1.9,6.8,,,0.0,,314,,,,150,60,0.147,,,,2025-11-12 13:00:00+00:00
PUY,12.11.2025 14:00,11.3,10.9,12.1,,,78.1,10.4,7.6,964.1,1018.0,1018.0,,,1.8,169.0,0.6,2.2,6.5,1.6,5.8,,,0.0,,281,,,,162,54,0.124,,,,2025-11-12 14:00:00+00:00
PUY,12.11.2025 15:00,12.5,11.6,13.4,,,65.8,9.5,6.2,963.8,1017.4,1017.7,,,2.8,135.0,0.9,3.2,10.1,2.6,9.4,,,0.0,,176,,,,106,43,0.074,,,,2025-11-12 15:00:00+00:00
PUY,12.11.2025 16:00,10.9,10.3,11.5,,,75.2,9.8,6.7,963.9,1017.8,1017.8,,,2.1,117.0,0.6,2.2,7.6,1.9,6.8,,,0.0,,42,,,,35,0,0.004,,,,2025-11-12 16:00:00+00:00
PUY,12.11.2025 17:00,10.6,10.3,10.9,,,69.3,8.9,5.2,964.0,1018.0,1017.9,,,2.9,22.0,1.2,4.3,10.4,2.8,10.1,,,0.0,,1,,,,1,0,0.007,,,,2025-11-12 17:00:00+00:00
PUY,12.11.2025 18:00,10.7,10.4,10.9,,,64.6,8.3,4.3,964.3,1018.3,1018.2,,,3.3,22.0,1.2,4.3,11.9,3.0,10.8,,,0.0,,1,,,,0,0,0.009,,,,2025-11-12 18:00:00+00:00
PUY,12.11.2025 19:00,11.4,11.2,11.6,,,57.9,7.8,3.4,964.7,1018.5,1018.6,,,3.4,29.0,1.4,5.0,12.2,3.2,11.5,,,0.0,,1,,,,0,0,0.015,,,,2025-11-12 19:00:00+00:00
PUY,12.11.2025 20:00,10.9,10.4,11.3,,,60.0,7.8,3.5,965.0,1019.0,1018.9,,,2.8,29.0,1.1,4.0,10.1,2.6,9.4,,,0.0,,1,,,,1,0,0.01,,,,2025-11-12 20:00:00+00:00
PUY,12.11.2025 21:00,11.5,11.0,12.0,,,56.8,7.7,3.2,965.1,1019.0,1019.0,,,3.3,27.0,1.5,5.4,11.9,3.0,10.8,,,0.0,,1,,,,0,0,0.017,,,,2025-11-12 21:00:00+00:00
PUY,12.11.2025 22:00,11.7,11.0,12.1,,,56.9,7.8,3.5,965.3,1019.1,1019.2,,,4.0,30.0,1.6,5.8,14.4,3.8,13.7,,,0.0,,1,,,,0,0,0.018,,,,2025-11-12 22:00:00+00:00
PUY,12.11.2025 23:00,10.9,10.5,11.3,,,61.1,7.9,3.7,965.4,1019.4,1019.3,,,3.6,9.0,1.0,3.6,13.0,3.4,12.2,,,0.0,,1,,,,1,0,0.008,,,,2025-11-12 23:00:00+00:00
PUY,13.11.2025 00:00,10.3,10.0,10.6,,,62.8,7.9,3.6,965.5,1019.6,1019.4,,,3.3,24.0,1.1,4.0,11.9,3.0,10.8,,,0.0,,1,,,,1,0,0.009,,,,2025-11-13 00:00:00+00:00
PUY,13.11.2025 01:00,10.2,9.6,10.7,,,61.4,7.6,3.1,965.3,1019.5,1019.2,,,3.2,32.0,1.1,4.0,11.5,3.0,10.8,,,0.0,,1,,,,1,0,0.009,,,,2025-11-13 01:00:00+00:00
PUY,13.11.2025 02:00,10.1,9.2,10.7,,,60.3,7.4,2.8,965.2,1019.3,1019.1,,,3.7,27.0,1.3,4.7,13.3,3.4,12.2,,,0.0,,1,,,,0,0,0.012,,,,2025-11-13 02:00:00+00:00
PUY,13.11.2025 03:00,10.1,9.5,10.4,,,61.4,7.6,3.0,965.1,1019.3,1019.0,,,3.3,29.0,1.3,4.7,11.9,3.1,11.2,,,0.0,,1,,,,1,0,0.012,,,,2025-11-13 03:00:00+00:00
PUY,13.11.2025 04:00,10.6,10.2,11.1,,,59.7,7.6,3.1,964.9,1019.0,1018.8,,,3.7,27.0,1.7,6.1,13.3,3.6,13.0,,,0.0,,1,,,,0,0,0.017,,,,2025-11-13 04:00:00+00:00
PUY,13.11.2025 05:00,10.1,9.9,10.2,,,61.2,7.5,2.9,964.9,1019.0,1018.8,,,3.3,23.0,1.4,5.0,11.9,3.1,11.2,,,0.0,,1,,,,0,0,0.013,,,,2025-11-13 05:00:00+00:00
PUY,13.11.2025 06:00,10.0,9.8,10.3,,,60.8,7.5,2.8,965.0,1019.1,1018.9,,,3.1,353.0,1.0,3.6,11.2,2.6,9.4,,,0.0,,1,,,,0,0,0.008,,,,2025-11-13 06:00:00+00:00
PUY,13.11.2025 07:00,9.5,9.1,9.9,,,64.1,7.6,3.0,965.3,1019.7,1019.3,,,3.0,34.0,1.2,4.3,10.8,2.9,10.4,,,0.0,,7,,,,7,0,0.01,,,,2025-11-13 07:00:00+00:00
PUY,13.11.2025 08:00,10.4,9.3,11.6,,,64.0,8.1,3.9,965.8,1020.0,1019.8,,,2.4,45.0,0.6,2.2,8.6,2.3,8.3,,,0.0,,93,,,,48,34,0.036,,,,2025-11-13 08:00:00+00:00
PUY,13.11.2025 09:00,12.3,12.0,12.6,,,62.5,8.9,5.3,966.3,1020.1,1020.3,,,1.6,198.0,0.5,1.8,5.8,1.5,5.4,,,0.0,,195,,,,61,60,0.09,,,,2025-11-13 09:00:00+00:00
PUY,13.11.2025 10:00,12.6,12.3,13.2,,,66.7,9.7,6.6,966.5,1020.2,1020.5,,,1.8,162.0,0.5,1.8,6.5,1.7,6.1,,,0.0,,229,,,,103,60,0.117,,,,2025-11-13 10:00:00+00:00
PUY,13.11.2025 11:00,13.6,13.0,14.7,,,66.5,10.3,7.5,966.3,1019.8,1020.3,,,3.6,180.0,0.7,2.5,13.0,3.5,12.6,,,0.0,,341,,,,158,59,0.175,,,,2025-11-13 11:00:00+00:00
PUY,13.11.2025 12:00,14.8,14.4,15.8,,,63.3,10.7,7.9,965.5,1018.7,1019.5,,,2.0,169.0,0.6,2.2,7.2,1.8,6.5,,,0.0,,388,,,,113,60,0.202,,,,2025-11-13 12:00:00+00:00
PUY,13.11.2025 13:00,15.7,15.1,16.2,,,55.3,9.8,6.8,964.6,1017.6,1018.5,,,2.7,166.0,1.0,3.6,9.7,2.6,9.4,,,0.0,,379,,,,101,60,0.202,,,,2025-11-13 13:00:00+00:00
PUY,13.11.2025 14:00,16.0,15.2,16.7,,,50.3,9.1,5.6,963.9,1016.9,1017.8,,,1.8,153.0,0.7,2.5,6.5,1.8,6.5,,,0.0,,278,,,,114,60,0.143,,,,2025-11-13 14:00:00+00:00
PUY,13.11.2025 15:00,16.1,15.5,16.9,,,48.6,8.9,5.2,963.9,1016.8,1017.8,,,3.2,63.0,0.8,2.9,11.5,2.8,10.1,,,0.0,,123,,,,98,3,0.072,,,,2025-11-13 15:00:00+00:00
PUY,13.11.2025 16:00,16.2,15.4,17.0,,,42.5,7.8,3.4,964.0,1016.9,1017.9,,,3.1,27.0,1.4,5.0,11.2,2.8,10.1,,,0.0,,42,,,,38,0,0.03,,,,2025-11-13 16:00:00+00:00
PUY,13.11.2025 17:00,14.4,13.7,15.0,,,50.2,8.2,4.2,964.2,1017.4,1018.1,,,4.0,17.0,1.2,4.3,14.4,3.7,13.3,,,0.0,,2,,,,1,0,0.018,,,,2025-11-13 17:00:00+00:00
PUY,13.11.2025 18:00,13.8,13.4,14.1,,,51.2,8.1,3.9,964.3,1017.6,1018.2,,,3.6,25.0,1.5,5.4,13.0,3.3,11.9,,,0.0,,1,,,,0,0,0.022,,,,2025-11-13 18:00:00+00:00
PUY,13.11.2025 19:00,13.6,13.3,13.8,,,50.9,8.0,3.7,964.2,1017.6,1018.1,,,3.5,28.0,2.0,7.2,12.6,3.1,11.2,,,0.0,,1,,,,0,0,0.03,,,,2025-11-13 19:00:00+00:00
PUY,13.11.2025 20:00,13.4,13.1,13.7,,,53.3,8.2,4.1,963.8,1017.2,1017.7,,,3.3,25.0,1.5,5.4,11.9,3.0,10.8,,,0.0,,1,,,,0,0,0.021,,,,2025-11-13 20:00:00+00:00
PUY,13.11.2025 21:00,12.4,12.1,12.5,,,58.5,8.4,4.5,963.6,1017.2,1017.5,,,2.7,346.0,1.0,3.6,9.7,2.6,9.4,,,0.0,,1,,,,0,0,0.01,,,,2025-11-13 21:00:00+00:00
PUY,13.11.2025 22:00,12.1,11.6,12.6,,,58.9,8.3,4.3,963.3,1017.0,1017.2,,,3.4,20.0,1.3,4.7,12.2,3.1,11.2,,,0.0,,1,,,,0,0,0.014,,,,2025-11-13 22:00:00+00:00
PUY,13.11.2025 23:00,12.1,11.4,12.5,,,57.8,8.1,4.0,963.0,1016.6,1016.8,,,3.5,18.0,1.6,5.8,12.6,3.2,11.5,,,0.0,,1,,,,0,0,0.018,,,,2025-11-13 23:00:00+00:00
PUY,14.11.2025 00:00,11.5,11.3,11.7,,,59.3,8.1,3.9,962.7,1016.4,1016.5,,,3.9,25.0,2.0,7.2,14.0,3.8,13.7,,,0.0,,1,,,,0,0,0.022,,,,2025-11-14 00:00:00+00:00
PUY,14.11.2025 01:00,11.0,10.9,11.2,,,60.5,8.0,3.7,962.2,1016.0,1016.0,,,3.6,24.0,2.1,7.6,13.0,3.4,12.2,,,0.0,,1,,,,1,0,0.021,,,,2025-11-14 01:00:00+00:00
PUY,14.11.2025 02:00,10.6,9.8,11.2,,,61.8,7.9,3.6,961.8,1015.7,1015.6,,,4.1,24.0,1.1,4.0,14.8,3.7,13.3,,,0.0,,1,,,,1,0,0.009,,,,2025-11-14 02:00:00+00:00
PUY,14.11.2025 03:00,10.3,9.8,10.6,,,63.2,7.9,3.6,961.2,1015.1,1015.0,,,3.3,18.0,1.1,4.0,11.9,3.1,11.2,,,0.0,,1,,,,1,0,0.008,,,,2025-11-14 03:00:00+00:00
PUY,14.11.2025 04:00,10.3,9.7,10.9,,,63.8,8.0,3.7,960.9,1014.8,1014.6,,,3.9,24.0,1.3,4.7,14.0,3.8,13.7,,,0.0,,1,,,,0,0,0.01,,,,2025-11-14 04:00:00+00:00
PUY,14.11.2025 05:00,10.1,9.9,10.2,,,65.2,8.1,3.9,960.5,1014.4,1014.2,,,3.1,27.0,1.2,4.3,11.2,2.7,9.7,,,0.0,,1,,,,0,0,0.009,,,,2025-11-14 05:00:00+00:00
PUY,14.11.2025 06:00,10.3,10.0,10.5,,,63.8,8.0,3.7,959.9,1013.8,1013.6,,,3.5,15.0,1.7,6.1,12.6,3.4,12.2,,,0.0,,1,,,,0,0,0.015,,,,2025-11-14 06:00:00+00:00
PUY,14.11.2025 07:00,9.8,9.3,10.6,,,65.6,7.9,3.6,959.8,1013.8,1013.5,,,3.5,360.0,0.8,2.9,12.6,3.4,12.2,,,0.0,,6,,,,5,0,0.005,,,,2025-11-14 07:00:00+00:00
PUY,14.11.2025 08:00,10.0,9.4,10.5,,,67.1,8.2,4.2,959.8,1013.7,1013.5,,,2.3,360.0,0.9,3.2,8.3,2.1,7.6,,,0.0,,67,,,,61,0,0.036,,,,2025-11-14 08:00:00+00:00
PUY,14.11.2025 09:00,11.7,11.0,12.1,,,67.0,9.2,5.7,959.5,1013.1,1013.2,,,1.6,180.0,0.4,1.4,5.8,1.5,5.4,,,0.0,,191,,,,145,0,0.085,,,,2025-11-14 09:00:00+00:00
PUY,14.11.2025 10:00,12.3,11.9,12.6,,,68.5,9.8,6.6,959.5,1012.9,1013.2,,,1.9,153.0,0.6,2.2,6.8,1.7,6.1,,,0.0,,266,,,,220,0,0.131,,,,2025-11-14 10:00:00+00:00
PUY,14.11.2025 11:00,13.5,12.8,14.4,,,66.8,10.3,7.4,959.1,1012.3,1012.8,,,2.2,166.0,0.4,1.4,7.9,1.9,6.8,,,0.0,,329,,,,261,0,0.168,,,,2025-11-14 11:00:00+00:00
PUY,14.11.2025 12:00,14.4,12.9,16.0,,,67.1,11.0,8.3,958.3,1011.2,1011.9,,,2.5,219.0,0.8,2.9,9.0,2.3,8.3,,,0.0,,416,,,,190,48,0.213,,,,2025-11-14 12:00:00+00:00
PUY,14.11.2025 13:00,14.4,12.8,16.7,,,72.1,11.7,9.3,957.5,1010.4,1011.1,,,1.9,141.0,0.7,2.5,6.8,1.8,6.5,,,0.0,,209,,,,116,31,0.119,,,,2025-11-14 13:00:00+00:00
PUY,14.11.2025 14:00,13.3,12.9,13.8,,,80.5,12.3,10.0,957.5,1010.6,1011.1,,,2.0,117.0,0.5,1.8,7.2,1.9,6.8,,,0.0,,95,,,,94,0,0.06,,,,2025-11-14 14:00:00+00:00
PUY,14.11.2025 15:00,14.2,13.7,15.0,,,77.1,12.5,10.3,957.4,1010.3,1011.0,,,2.3,315.0,0.8,2.9,8.3,2.2,7.9,,,0.0,,70,,,,69,0,0.047,,,,2025-11-14 15:00:00+00:00
PUY,14.11.2025 16:00,15.2,13.6,16.5,,,56.9,9.7,6.4,957.4,1010.1,1011.0,,,3.4,24.0,1.2,4.3,12.2,3.0,10.8,,,0.0,,19,,,,19,0,0.034,,,,2025-11-14 16:00:00+00:00
PUY,14.11.2025 17:00,13.7,12.5,16.2,,,70.8,11.0,8.2,957.3,1010.3,1010.9,,,4.5,59.0,1.6,5.8,16.2,4.4,15.8,,,0.0,,1,,,,1,0,0.011,,,,2025-11-14 17:00:00+00:00
PUY,14.11.2025 18:00,17.1,16.2,18.0,,,39.8,7.7,3.2,956.9,1009.2,1010.5,,,6.8,94.0,2.1,7.6,24.5,6.3,22.7,,,0.0,,1,,,,1,0,0.044,,,,2025-11-14 18:00:00+00:00
PUY,14.11.2025 19:00,16.9,15.0,18.1,,,40.6,7.7,3.2,956.3,1008.7,1009.9,,,10.7,96.0,3.2,11.5,38.5,9.9,35.6,,,0.0,,1,,,,1,0,0.059,,,,2025-11-14 19:00:00+00:00
PUY,14.11.2025 20:00,17.2,16.3,17.8,,,38.6,7.5,2.9,956.2,1008.5,1009.7,,,9.0,96.0,3.4,12.2,32.4,8.5,30.6,,,0.0,,1,,,,1,0,0.065,,,,2025-11-14 20:00:00+00:00
PUY,14.11.2025 21:00,15.6,13.8,16.9,,,49.6,8.7,4.9,956.4,1008.9,1009.9,,,4.2,103.0,1.3,4.7,15.1,4.1,14.8,,,0.0,,2,,,,1,0,0.021,,,,2025-11-14 21:00:00+00:00
PUY,14.11.2025 22:00,13.3,12.6,13.9,,,68.5,10.4,7.6,957.1,1010.1,1010.7,,,3.1,59.0,1.4,5.0,11.2,2.9,10.4,,,0.0,,1,,,,1,0,0.011,,,,2025-11-14 22:00:00+00:00
PUY,14.11.2025 23:00,12.7,12.4,12.9,,,71.6,10.5,7.7,957.4,1010.6,1011.0,,,2.3,0.0,0.6,2.2,8.3,2.1,7.6,,,0.0,,1,,,,0,0,-0.001,,,,2025-11-14 23:00:00+00:00
PUY,15.11.2025 00:00,14.0,12.9,15.7,,,57.4,9.1,5.6,957.3,1010.2,1010.9,,,4.9,34.0,1.8,6.5,17.6,4.7,16.9,,,0.0,,1,,,,1,0,0.022,,,,2025-11-15 00:00:00+00:00
PUY,15.11.2025 01:00,12.9,12.3,13.8,,,67.9,10.1,7.0,957.4,1010.6,1011.0,,,3.2,23.0,1.2,4.3,11.5,2.9,10.4,,,0.0,,1,,,,1,0,0.009,,,,2025-11-15 01:00:00+00:00
PUY,15.11.2025 02:00,13.5,12.2,14.5,,,61.5,9.4,6.1,957.1,1010.1,1010.7,,,3.9,45.0,1.5,5.4,14.0,3.7,13.3,,,0.0,,1,,,,1,0,0.016,,,,2025-11-15 02:00:00+00:00
PUY,15.11.2025 03:00,12.5,12.0,13.6,,,71.2,10.3,7.4,956.6,1009.8,1010.1,,,3.3,14.0,1.1,4.0,11.9,3.2,11.5,,,0.0,,1,,,,0,0,0.006,,,,2025-11-15 03:00:00+00:00
PUY,15.11.2025 04:00,12.5,12.3,12.7,,,68.9,10.0,7.0,956.4,1009.6,1010.0,,,3.3,27.0,0.9,3.2,11.9,3.2,11.5,,,0.0,,1,,,,1,0,0.004,,,,2025-11-15 04:00:00+00:00
PUY,15.11.2025 05:00,12.1,11.3,13.2,,,72.0,10.1,7.1,956.6,1009.8,1010.1,,,2.5,63.0,0.7,2.5,9.0,2.4,8.6,,,0.0,,1,,,,1,0,0.001,,,,2025-11-15 05:00:00+00:00
PUY,15.11.2025 06:00,11.7,11.4,12.0,,,74.5,10.2,7.3,956.7,1010.0,1010.2,,,3.3,27.0,0.6,2.2,11.9,3.2,11.5,,,0.0,,1,,,,0,0,-0.001,,,,2025-11-15 06:00:00+00:00
PUY,15.11.2025 07:00,11.9,11.5,12.8,,,73.4,10.2,7.2,956.4,1009.8,1009.9,,,3.5,51.0,1.2,4.3,12.6,3.1,11.2,,,0.0,,6,,,,5,0,0.007,,,,2025-11-15 07:00:00+00:00
PUY,15.11.2025 08:00,12.5,11.7,13.1,,,73.5,10.6,7.9,956.5,1009.7,1010.1,,,1.6,297.0,0.5,1.8,5.8,1.4,5.0,,,0.0,,74,,,,50,16,0.032,,,,2025-11-15 08:00:00+00:00
PUY,15.11.2025 09:00,14.0,12.9,14.8,,,65.7,10.5,7.6,956.8,1009.8,1010.4,,,3.1,198.0,0.5,1.8,11.2,3.0,10.8,,,0.0,,215,,,,97,45,0.099,,,,2025-11-15 09:00:00+00:00
PUY,15.11.2025 10:00,13.3,12.7,14.1,,,71.6,10.9,8.3,957.1,1010.2,1010.7,,,3.0,164.0,0.9,3.2,10.8,2.7,9.7,,,0.0,,180,,,,103,20,0.103,,,,2025-11-15 10:00:00+00:00
PUY,15.11.2025 11:00,13.2,12.5,14.2,,,74.6,11.3,8.8,957.5,1010.6,1011.1,,,3.1,236.0,0.5,1.8,11.2,2.7,9.7,,,0.0,,218,,,,155,10,0.119,,,,2025-11-15 11:00:00+00:00
PUY,15.11.2025 12:00,13.4,12.9,14.5,,,77.2,11.8,9.5,957.2,1010.2,1010.8,,,2.5,172.0,1.0,3.6,9.0,2.4,8.6,,,0.0,,200,,,,166,6,0.115,,,,2025-11-15 12:00:00+00:00
PUY,15.11.2025 13:00,13.5,13.2,13.9,,,77.0,11.9,9.6,956.8,1009.8,1010.4,,,2.7,225.0,0.7,2.5,9.7,2.5,9.0,,,0.0,,169,,,,157,1,0.098,,,,2025-11-15 13:00:00+00:00
PUY,15.11.2025 14:00,13.1,12.1,13.5,,,78.3,11.7,9.3,957.2,1010.3,1010.8,,,6.6,191.0,1.2,4.3,23.8,6.4,23.0,,,1.0,,43,,,,41,0,0.047,,,,2025-11-15 14:00:00+00:00
PUY,15.11.2025 15:00,11.4,11.0,11.7,,,89.0,12.0,9.7,959.0,1012.6,1012.7,,,4.7,326.0,1.9,6.8,16.9,4.5,16.2,,,3.0,,17,,,,16,0,0.03,,,,2025-11-15 15:00:00+00:00
PUY,15.11.2025 16:00,11.6,11.4,11.8,,,88.2,12.0,9.7,959.2,1012.8,1012.9,,,5.0,360.0,1.5,5.4,18.0,4.8,17.3,,,1.2,,11,,,,11,0,0.018,,,,2025-11-15 16:00:00+00:00
PUY,15.11.2025 17:00,11.4,11.1,11.6,,,88.8,11.9,9.6,959.7,1013.3,1013.4,,,3.0,10.0,1.3,4.7,10.8,2.7,9.7,,,0.7,,1,,,,0,0,-0.001,,,,2025-11-15 17:00:00+00:00
PUY,15.11.2025 18:00,11.1,11.0,11.1,,,93.7,12.3,10.1,959.5,1013.2,1013.2,,,4.8,21.0,1.7,6.1,17.3,4.6,16.6,,,1.0,,1,,,,0,0,-0.002,,,,2025-11-15 18:00:00+00:00
PUY,15.11.2025 19:00,11.0,10.7,11.1,,,95.3,12.5,10.3,959.2,1012.8,1012.9,,,5.0,72.0,1.3,4.7,18.0,4.5,16.2,,,0.5,,1,,,,0,0,-0.004,,,,2025-11-15 19:00:00+00:00
PUY,15.11.2025 20:00,10.6,10.4,10.8,,,94.9,12.1,9.8,958.8,1012.5,1012.5,,,3.4,360.0,1.2,4.3,12.2,3.1,11.2,,,0.1,,1,,,,0,0,-0.004,,,,2025-11-15 20:00:00+00:00
PUY,15.11.2025 21:00,10.1,9.8,10.3,,,93.2,11.5,9.1,958.7,1012.6,1012.3,,,4.0,21.0,2.0,7.2,14.4,3.7,13.3,,,0.0,,1,,,,0,0,-0.001,,,,2025-11-15 21:00:00+00:00
PUY,15.11.2025 22:00,9.4,9.1,9.7,,,92.7,10.9,8.3,958.4,1012.3,1012.0,,,3.8,20.0,2.0,7.2,13.7,3.3,11.9,,,0.0,,1,,,,1,0,-0.001,,,,2025-11-15 22:00:00+00:00
PUY,15.11.2025 23:00,9.2,9.1,9.3,,,91.2,10.6,7.9,958.2,1012.1,1011.8,,,3.2,28.0,1.5,5.4,11.5,2.9,10.4,,,0.0,,1,,,,0,0,-0.001,,,,2025-11-15 23:00:00+00:00
PUY,16.11.2025 00:00,9.0,8.9,9.1,,,91.2,10.5,7.7,958.0,1012.0,1011.6,,,3.2,25.0,1.7,6.1,11.5,2.9,10.4,,,0.0,,1,,,,0,0,-0.001,,,,2025-11-16 00:00:00+00:00
PUY,16.11.2025 01:00,8.8,8.6,9.0,,,91.6,10.4,7.5,957.9,1011.9,1011.5,,,3.1,30.0,1.6,5.8,11.2,3.0,10.8,,,0.0,,1,,,,0,0,-0.001,,,,2025-11-16 01:00:00+00:00
PUY,16.11.2025 02:00,8.5,8.3,8.6,,,92.0,10.2,7.2,957.7,1011.8,1011.3,,,3.4,36.0,2.0,7.2,12.2,3.2,11.5,,,0.0,,1,,,,0,0,-0.001,,,,2025-11-16 02:00:00+00:00
PUY,16.11.2025 03:00,8.8,8.7,8.9,,,92.4,10.4,7.6,957.1,1011.1,1010.7,,,3.0,48.0,1.4,5.0,10.8,2.7,9.7,,,0.0,,1,,,,0,0,-0.002,,,,2025-11-16 03:00:00+00:00
PUY,16.11.2025 04:00,8.9,8.8,8.9,,,93.0,10.6,7.8,956.6,1010.5,1010.2,,,2.8,67.0,1.0,3.6,10.1,2.4,8.6,,,0.0,,1,,,,0,0,-0.004,,,,2025-11-16 04:00:00+00:00
PUY,16.11.2025 05:00,9.1,9.0,9.2,,,95.3,11.0,8.4,956.6,1010.5,1010.2,,,2.9,18.0,1.0,3.6,10.4,2.6,9.4,,,0.7,,1,,,,0,0,-0.005,,,,2025-11-16 05:00:00+00:00
PUY,16.11.2025 06:00,9.3,9.1,9.5,,,94.3,11.1,8.5,955.7,1009.5,1009.2,,,3.1,34.0,1.3,4.7,11.2,2.7,9.7,,,1.1,,1,,,,0,0,-0.004,,,,2025-11-16 06:00:00+00:00
PUY,16.11.2025 07:00,9.3,9.2,9.4,,,98.4,11.5,9.1,954.7,1008.4,1008.2,,,2.8,297.0,0.7,2.5,10.1,2.6,9.4,,,0.0,,2,,,,1,0,-0.006,,,,2025-11-16 07:00:00+00:00
PUY,16.11.2025 08:00,9.5,9.3,9.6,,,99.1,11.7,9.3,955.2,1008.9,1008.7,,,3.5,299.0,1.4,5.0,12.6,3.4,12.2,,,0.8,,9,,,,8,0,0.017,,,,2025-11-16 08:00:00+00:00
PUY,16.11.2025 09:00,9.5,9.4,9.7,,,99.0,11.7,9.3,955.0,1008.7,1008.5,,,3.5,342.0,1.2,4.3,12.6,3.4,12.2,,,2.2,,11,,,,10,0,0.02,,,,2025-11-16 09:00:00+00:00
PUY,16.11.2025 10:00,9.8,9.5,10.1,,,97.6,11.8,9.4,954.3,1008.0,1007.8,,,4.1,304.0,1.4,5.0,14.8,4.0,14.4,,,0.9,,43,,,,42,0,0.033,,,,2025-11-16 10:00:00+00:00
PUY,16.11.2025 11:00,10.1,10.0,10.3,,,99.0,12.3,10.0,954.9,1008.5,1008.4,,,2.3,214.0,0.6,2.2,8.3,2.1,7.6,,,2.2,,30,,,,30,0,0.029,,,,2025-11-16 11:00:00+00:00
PUY,16.11.2025 12:00,9.9,9.6,10.2,,,99.1,12.1,9.8,955.8,1009.4,1009.3,,,3.1,262.0,1.0,3.6,11.2,2.7,9.7,,,2.6,,31,,,,31,0,0.029,,,,2025-11-16 12:00:00+00:00
PUY,16.11.2025 13:00,10.0,9.6,10.4,,,95.9,11.8,9.4,955.4,1009.0,1008.9,,,5.1,83.0,1.8,6.5,18.4,4.8,17.3,,,3.7,,23,,,,23,0,0.027,,,,2025-11-16 13:00:00+00:00
PUY,16.11.2025 14:00,10.2,10.0,10.3,,,99.0,12.3,10.0,954.6,1008.1,1008.1,,,7.3,138.0,1.6,5.8,26.3,6.8,24.5,,,0.7,,73,,,,71,0,0.04,,,,2025-11-16 14:00:00+00:00
PUY,16.11.2025 15:00,10.4,10.2,10.6,,,96.5,12.2,9.9,954.4,1007.9,1007.8,,,5.1,351.0,1.6,5.8,18.4,5.0,18.0,,,0.0,,28,,,,27,0,0.025,,,,2025-11-16 15:00:00+00:00
PUY,16.11.2025 16:00,10.4,10.1,10.7,,,91.4,11.5,9.1,954.4,1007.9,1007.9,,,4.2,309.0,1.4,5.0,15.1,4.0,14.4,,,0.0,,9,,,,8,0,0.016,,,,2025-11-16 16:00:00+00:00
PUY,16.11.2025 17:00,9.7,9.4,10.1,,,93.1,11.2,8.6,954.6,1008.3,1008.1,,,2.5,333.0,0.9,3.2,9.0,2.3,8.3,,,0.0,,1,,,,1,0,-0.004,,,,2025-11-16 17:00:00+00:00
PUY,16.11.2025 18:00,9.2,8.9,9.4,,,98.1,11.4,8.9,954.7,1008.5,1008.2,,,2.7,27.0,1.2,4.3,9.7,2.5,9.0,,,0.0,,1,,,,0,0,-0.005,,,,2025-11-16 18:00:00+00:00
PUY,16.11.2025 19:00,9.0,8.8,9.2,,,96.6,11.1,8.5,954.9,1008.7,1008.4,,,3.0,18.0,1.6,5.8,10.8,2.8,10.1,,,0.0,,1,,,,0,0,-0.004,,,,2025-11-16 19:00:00+00:00
PUY,16.11.2025 20:00,8.6,8.5,8.8,,,94.6,10.6,7.8,954.9,1008.8,1008.4,,,3.3,21.0,1.7,6.1,11.9,3.0,10.8,,,0.0,,1,,,,0,0,-0.003,,,,2025-11-16 20:00:00+00:00
PUY,16.11.2025 21:00,8.6,8.5,8.6,,,92.9,10.4,7.5,955.1,1009.0,1008.6,,,3.2,36.0,2.0,7.2,11.5,3.0,10.8,,,0.0,,1,,,,0,0,-0.001,,,,2025-11-16 21:00:00+00:00
PUY,16.11.2025 22:00,8.6,8.4,8.8,,,92.0,10.3,7.4,955.1,1009.0,1008.6,,,3.1,25.0,1.7,6.1,11.2,2.9,10.4,,,0.0,,1,,,,0,0,-0.001,,,,2025-11-16 22:00:00+00:00
PUY,16.11.2025 23:00,8.9,8.6,9.1,,,90.3,10.3,7.4,955.1,1008.9,1008.6,,,3.6,17.0,2.1,7.6,13.0,3.6,13.0,,,0.0,,1,,,,0,0,0.001,,,,2025-11-16 23:00:00+00:00
PUY,17.11.2025 00:00,9.3,9.1,9.3,,,89.1,10.4,7.6,954.7,1008.4,1008.2,,,3.9,17.0,1.4,5.0,14.0,3.9,14.0,,,0.0,,1,,,,0,0,-0.001,,,,2025-11-17 00:00:00+00:00
PUY,17.11.2025 01:00,8.9,8.8,9.0,,,92.3,10.5,7.7,954.5,1008.3,1007.9,,,2.8,18.0,1.3,4.7,10.1,2.5,9.0,,,0.0,,1,,,,1,0,-0.003,,,,2025-11-17 01:00:00+00:00
PUY,17.11.2025 02:00,9.0,9.0,9.1,,,92.3,10.6,7.9,954.5,1008.3,1008.0,,,3.0,21.0,1.5,5.4,10.8,2.7,9.7,,,0.0,,1,,,,0,0,-0.002,,,,2025-11-17 02:00:00+00:00
PUY,17.11.2025 03:00,8.9,8.9,9.0,,,93.7,10.7,8.0,954.4,1008.2,1007.8,,,2.7,14.0,1.3,4.7,9.7,2.5,9.0,,,0.0,,1,,,,0,0,-0.003,,,,2025-11-17 03:00:00+00:00
PUY,17.11.2025 04:00,8.9,8.8,9.0,,,96.0,10.9,8.3,954.2,1008.0,1007.6,,,2.7,355.0,1.3,4.7,9.7,2.4,8.6,,,0.0,,1,,,,0,0,-0.004,,,,2025-11-17 04:00:00+00:00
PUY,17.11.2025 05:00,9.2,9.1,9.3,,,94.4,11.0,8.4,954.4,1008.1,1007.8,,,2.1,347.0,1.0,3.6,7.6,2.0,7.2,,,0.0,,1,,,,0,0,-0.005,,,,2025-11-17 05:00:00+00:00
PUY,17.11.2025 06:00,9.3,9.1,9.4,,,97.2,11.4,8.9,954.6,1008.4,1008.1,,,1.5,349.0,0.6,2.2,5.4,1.3,4.7,,,1.1,,1,,,,1,0,-0.007,,,,2025-11-17 06:00:00+00:00
PUY,17.11.2025 07:00,9.4,9.3,9.5,,,99.8,11.8,9.4,954.8,1008.5,1008.3,,,3.8,293.0,0.9,3.2,13.7,3.7,13.3,,,0.3,,1,,,,1,0,-0.007,,,,2025-11-17 07:00:00+00:00
PUY,17.11.2025 08:00,9.5,9.5,9.6,,,99.8,11.9,9.5,955.2,1008.9,1008.7,,,4.4,277.0,1.7,6.1,15.8,4.3,15.5,,,1.2,,5,,,,4,0,0.016,,,,2025-11-17 08:00:00+00:00
PUY,17.11.2025 09:00,9.5,9.4,9.6,,,98.9,11.8,9.4,955.8,1009.6,1009.3,,,5.3,294.0,2.3,8.3,19.1,5.1,18.4,,,1.0,,17,,,,16,0,0.02,,,,2025-11-17 09:00:00+00:00
PUY,17.11.2025 10:00,10.0,9.7,10.1,,,94.8,11.6,9.2,956.5,1010.2,1010.0,,,6.0,295.0,1.5,5.4,21.6,5.7,20.5,,,0.6,,75,,,,73,0,0.046,,,,2025-11-17 10:00:00+00:00
PUY,17.11.2025 11:00,9.9,9.8,10.1,,,89.2,10.9,8.2,957.1,1010.8,1010.7,,,4.8,306.0,1.8,6.5,17.3,4.7,16.9,,,0.5,,52,,,,51,0,0.044,,,,2025-11-17 11:00:00+00:00
PUY,17.11.2025 12:00,9.4,9.1,10.0,,,82.0,9.7,6.5,957.3,1011.2,1010.9,,,5.4,347.0,2.3,8.3,19.4,5.1,18.4,,,0.3,,46,,,,45,0,0.049,,,,2025-11-17 12:00:00+00:00
PUY,17.11.2025 13:00,8.7,8.6,8.9,,,78.8,8.9,5.2,957.7,1011.7,1011.3,,,7.6,358.0,3.1,11.2,27.4,7.5,27.0,,,0.1,,36,,,,35,0,0.052,,,,2025-11-17 13:00:00+00:00
PUY,17.11.2025 14:00,8.4,8.0,8.6,,,75.1,8.2,4.2,958.4,1012.5,1012.0,,,8.5,346.0,3.6,13.0,30.6,8.2,29.5,,,0.0,,44,,,,43,0,0.06,,,,2025-11-17 14:00:00+00:00
PUY,17.11.2025 15:00,7.7,7.5,7.8,,,67.7,7.1,2.1,959.6,1013.9,1013.3,,,9.0,13.0,2.6,9.4,32.4,8.4,30.2,,,0.0,,79,,,,73,0,0.06,,,,2025-11-17 15:00:00+00:00
PUY,17.11.2025 16:00,6.4,5.6,7.2,,,63.6,6.1,-0.1,961.1,1015.8,1014.9,,,4.1,326.0,1.4,5.0,14.8,3.9,14.0,,,0.0,,22,,,,19,0,0.015,,,,2025-11-17 16:00:00+00:00
PUY,17.11.2025 17:00,5.0,4.6,5.6,,,73.4,6.4,0.6,962.5,1017.6,1016.3,,,3.7,321.0,0.7,2.5,13.3,3.5,12.6,,,0.0,,2,,,,1,0,0.0,,,,2025-11-17 17:00:00+00:00
PUY,17.11.2025 18:00,4.2,3.8,4.6,,,78.6,6.5,0.8,963.5,1018.8,1017.4,,,2.3,21.0,0.9,3.2,8.3,2.1,7.6,,,0.0,,1,,,,1,0,0.0,,,,2025-11-17 18:00:00+00:00
PUY,17.11.2025 19:00,4.3,3.9,4.7,,,76.0,6.3,0.4,963.9,1019.2,1017.8,,,4.6,6.0,1.2,4.3,16.6,4.1,14.8,,,0.0,,1,,,,0,0,0.003,,,,2025-11-17 19:00:00+00:00
PUY,17.11.2025 20:00,4.6,4.4,5.0,,,72.8,6.2,0.1,964.1,1019.4,1018.0,,,3.7,236.0,1.1,4.0,13.3,3.6,13.0,,,0.0,,1,,,,0,0,0.003,,,,2025-11-17 20:00:00+00:00
PUY,17.11.2025 21:00,4.5,4.4,4.7,,,69.7,5.9,-0.5,964.1,1019.4,1018.0,,,6.4,340.0,1.5,5.4,23.0,6.2,22.3,,,0.0,,1,,,,0,0,0.007,,,,2025-11-17 21:00:00+00:00
PUY,17.11.2025 22:00,4.1,3.9,4.3,,,73.8,6.0,-0.2,964.2,1019.6,1018.1,,,3.8,315.0,1.2,4.3,13.7,3.4,12.2,,,0.0,,1,,,,0,0,0.003,,,,2025-11-17 22:00:00+00:00
PUY,17.11.2025 23:00,4.0,3.9,4.2,,,74.1,6.0,-0.2,964.2,1019.6,1018.1,,,8.3,21.0,2.0,7.2,29.9,7.3,26.3,,,0.0,,1,,,,0,0,0.008,,,,2025-11-17 23:00:00+00:00
PUY,18.11.2025 00:00,4.1,3.9,4.1,,,72.7,5.9,-0.4,963.8,1019.1,1017.7,,,11.3,34.0,3.3,11.9,40.7,10.5,37.8,,,0.0,,1,,,,0,0,0.013,,,,2025-11-18 00:00:00+00:00
PUY,18.11.2025 01:00,3.8,3.5,4.0,,,71.7,5.8,-0.8,963.5,1018.8,1017.4,,,11.7,31.0,4.5,16.2,42.1,10.8,38.9,,,0.0,,1,,,,0,0,0.017,,,,2025-11-18 01:00:00+00:00
PUY,18.11.2025 02:00,3.2,3.0,3.4,,,73.0,5.6,-1.1,963.8,1019.4,1017.7,,,13.2,32.0,5.0,18.0,47.5,12.0,43.2,,,0.0,,1,,,,0,0,0.016,,,,2025-11-18 02:00:00+00:00
PUY,18.11.2025 03:00,2.7,2.5,2.9,,,76.2,5.6,-1.1,963.9,1019.6,1017.8,,,12.7,28.0,5.3,19.1,45.7,12.4,44.6,,,0.0,,1,,,,0,0,0.014,,,,2025-11-18 03:00:00+00:00
PUY,18.11.2025 04:00,2.3,2.2,2.4,,,78.1,5.6,-1.2,964.1,1019.9,1018.0,,,11.9,31.0,4.7,16.9,42.8,11.3,40.7,,,0.0,,1,,,,0,0,0.012,,,,2025-11-18 04:00:00+00:00
PUY,18.11.2025 05:00,2.1,1.9,2.2,,,78.1,5.5,-1.3,964.5,1020.3,1018.4,,,11.0,28.0,4.6,16.6,39.6,9.9,35.6,,,0.0,,1,,,,0,0,0.011,,,,2025-11-18 05:00:00+00:00
PUY,18.11.2025 06:00,1.8,1.7,1.8,,,78.8,5.5,-1.5,964.7,1020.6,1018.6,,,9.9,45.0,3.6,13.0,35.6,9.0,32.4,,,0.0,,1,,,,0,0,0.009,,,,2025-11-18 06:00:00+00:00
PUY,18.11.2025 07:00,1.5,1.3,1.6,,,79.1,5.4,-1.8,964.8,1020.7,1018.7,,,9.2,24.0,4.0,14.4,33.1,8.4,30.2,,,0.0,,4,,,,3,0,0.01,,,,2025-11-18 07:00:00+00:00
PUY,18.11.2025 08:00,1.5,1.3,1.7,,,78.5,5.3,-1.8,965.1,1021.1,1019.0,,,9.6,19.0,4.3,15.5,34.6,9.0,32.4,,,0.0,,75,,,,23,53,0.035,,,,2025-11-18 08:00:00+00:00
PUY,18.11.2025 09:00,2.0,1.7,2.2,,,76.3,5.4,-1.7,965.4,1021.3,1019.4,,,10.6,20.0,4.0,14.4,38.2,9.7,34.9,,,0.0,,214,,,,39,60,0.072,,,,2025-11-18 09:00:00+00:00
PUY,18.11.2025 10:00,3.0,2.3,4.0,,,73.4,5.5,-1.4,965.8,1021.4,1019.8,,,6.5,28.0,2.0,7.2,23.4,6.2,22.3,,,0.0,,276,,,,90,46,0.099,,,,2025-11-18 10:00:00+00:00
PUY,18.11.2025 11:00,4.3,3.7,4.8,,,68.6,5.7,-1.0,965.9,1021.3,1019.9,,,5.4,15.0,2.2,7.9,19.4,5.0,18.0,,,0.0,,421,,,,167,54,0.153,,,,2025-11-18 11:00:00+00:00
